1,,-23,-96,-15,,-25,-98,-12,,,-1,-1,-1,-1,-1,-1,-1,-1,-1,,-1,-1,-1,-1,-1,-1,-1,-1,-1,,-1,,,White,,Uncertain,,,,,,,,,,
2,,26,-96,-15,,27,-97,-13,,,-1,-1,-1,-1,-1,-1,-1,-1,-1,,-1,-1,-1,-1,-1,-1,-1,-1,-1,,-1,,,White,,Uncertain,,,,,,,,,,
3,,23,27,-12,,24,32,-18,,,-1,-1,-1,-1,-1,-1,-1,-1,-1,,4,4,4,4,-1,-1,-1,-1,-1,,-1,,,White,,Uncertain,,,,,,,,,,
4,,-53,-45,-24,,-56,-45,-24,,,-1,5,-1,-1,-1,-1,-1,-1,-1,,-1,-1,-1,-1,-1,-1,-1,38,-1,,-1,,,White,,Uncertain,,,,,,,,,,
5,,8,36,-18,,8,41,-24,,,-1,-1,-1,-1,-1,-1,-1,-1,-1,,-1,-1,-1,-1,-1,-1,-1,-1,-1,,-1,,,White,,Uncertain,,,,,,,,,,
6,,-20,-24,-18,,-21,-22,-20,,,2,-1,-1,-1,-1,-1,-1,-1,-1,,2,2,-1,-1,-1,-1,-1,-1,-1,,-1,,,White,,Uncertain,,,,,,,,,,
7,,17,-30,-15,,17,-28,-17,,,2,-1,-1,-1,-1,-1,-1,-1,-1,,2,2,-1,-1,-1,-1,-1,-1,-1,,-1,,,White,,Uncertain,,,,,,,,,,
8,,-35,-30,-24,,-37,-29,-26,,,6,-1,-1,-1,-1,-1,-1,-1,-1,,-1,-1,-1,-1,-1,-1,-1,-1,-1,,-1,,,White,,Uncertain,,,,,,,,,,
9,,62,-27,-15,,65,-24,-19,,,-1,-1,-1,-1,-1,-1,-1,-1,-1,,2,2,2,-1,-1,-1,-1,-1,-1,,-1,,,White,,Uncertain,,,,,,,,,,
10,,50,-36,-24,,52,-34,-27,,,-1,-1,-1,-1,-1,-1,-1,-1,-1,,-1,-1,-1,-1,-1,-1,-1,-1,-1,,-1,,,White,,Uncertain,,,,,,,,,,
11,,53,-33,-14,,55,-31,-17,,,-1,-1,-1,-1,-1,-1,-1,-1,-1,,-1,-1,-1,-1,-1,-1,-1,-1,-1,,-1,,,White,,Uncertain,,,,,,,,,,
12,,32,33,-6,,34,38,-12,,,4,-1,-1,-1,-1,-1,-1,-1,-1,,4,4,4,4,-1,-1,-1,-1,-1,,-1,,,White,,Uncertain,,,,,,,,,,
13,,-8,-54,57,,-7,-52,61,,,1,1,1,1,1,1,17,17,-1,,1,1,1,1,1,21,21,-1,-1,,1,,,Cyan,,Sensory/somatomotor Hand,,,,,,,,,,
14,,-14,-21,39,,-14,-18,40,,,1,1,1,1,1,1,-1,-1,-1,,1,1,1,1,1,1,1,-1,-1,,1,,,Cyan,,Sensory/somatomotor Hand,,,,,,,,,,
15,,-1,-18,46,,0,-15,47,,,1,1,1,1,1,1,5,32,-1,,1,1,1,5,5,5,5,30,-1,,1,,,Cyan,,Sensory/somatomotor Hand,,,,,,,,,,
16,,8,-6,45,,10,-2,45,,,1,1,1,1,1,1,1,1,1,,1,1,1,1,1,1,1,1,1,,1,,,Cyan,,Sensory/somatomotor Hand,,,,,,,,,,
17,,-8,-24,63,,-7,-21,65,,,1,1,1,1,1,1,1,1,1,,1,1,1,1,1,1,1,1,1,,1,,,Cyan,,Sensory/somatomotor Hand,,,,,,,,,,
18,,-8,-36,69,,-7,-33,72,,,1,1,1,1,1,1,1,1,1,,1,1,1,1,1,1,1,1,1,,1,,,Cyan,,Sensory/somatomotor Hand,,,,,,,,,,
19,,11,-36,72,,13,-33,75,,,1,1,1,1,1,1,1,1,1,,1,1,1,1,1,1,1,1,1,,1,,,Cyan,,Sensory/somatomotor Hand,,,,,,,,,,
20,,-52,-25,41,,-54,-23,43,,,1,1,1,1,1,1,1,1,1,,1,1,1,1,1,1,1,1,1,,1,,,Cyan,,Sensory/somatomotor Hand,,,,,,,,,,
21,,26,-21,69,,29,-17,71,,,1,1,1,1,1,1,1,1,1,,1,1,1,1,1,1,1,1,1,,1,,,Cyan,,Sensory/somatomotor Hand,,,,,,,,,,
22,,8,-48,69,,10,-46,73,,,1,1,1,1,1,1,1,1,1,,1,1,1,1,1,1,1,1,1,,1,,,Cyan,,Sensory/somatomotor Hand,,,,,,,,,,
23,,-23,-33,69,,-23,-30,72,,,1,1,1,1,1,1,1,1,1,,1,1,1,1,1,1,1,1,1,,1,,,Cyan,,Sensory/somatomotor Hand,,,,,,,,,,
24,,-39,-22,52,,-40,-19,54,,,1,1,1,1,1,1,1,1,1,,1,1,1,1,1,1,1,1,1,,1,,,Cyan,,Sensory/somatomotor Hand,,,,,,,,,,
25,,26,-42,57,,29,-39,59,,,1,1,1,1,1,1,1,1,1,,1,1,1,1,1,1,1,1,1,,1,,,Cyan,,Sensory/somatomotor Hand,,,,,,,,,,
26,,47,-24,42,,50,-20,42,,,1,1,1,1,1,1,1,1,1,,1,1,1,1,1,1,1,1,1,,1,,,Cyan,,Sensory/somatomotor Hand,,,,,,,,,,
27,,-38,-30,66,,-38,-27,69,,,1,1,1,1,1,1,1,1,1,,1,1,1,1,1,1,1,1,1,,1,,,Cyan,,Sensory/somatomotor Hand,,,,,,,,,,
28,,18,-32,58,,20,-29,60,,,1,1,1,1,1,1,1,1,1,,1,1,1,1,1,1,1,1,1,,1,,,Cyan,,Sensory/somatomotor Hand,,,,,,,,,,
29,,41,-12,57,,44,-8,57,,,1,1,1,1,1,1,1,1,1,,1,1,1,1,1,1,1,1,1,,1,,,Cyan,,Sensory/somatomotor Hand,,,,,,,,,,
30,,-29,-45,57,,-29,-43,61,,,1,1,1,1,1,1,1,1,1,,1,1,1,1,1,1,1,1,1,,1,,,Cyan,,Sensory/somatomotor Hand,,,,,,,,,,
31,,8,-21,72,,10,-17,74,,,1,1,1,1,1,1,1,1,1,,1,1,1,1,1,1,1,1,1,,1,,,Cyan,,Sensory/somatomotor Hand,,,,,,,,,,
32,,20,-45,66,,22,-42,69,,,1,1,1,1,1,1,1,1,1,,1,1,1,1,1,1,1,1,1,,1,,,Cyan,,Sensory/somatomotor Hand,,,,,,,,,,
33,,-44,-34,44,,-45,-32,47,,,1,1,1,1,1,1,1,1,1,,1,1,1,1,1,1,1,1,1,,1,,,Cyan,,Sensory/somatomotor Hand,,,,,,,,,,
34,,-21,-34,58,,-21,-31,61,,,1,1,1,1,1,1,1,1,1,,1,1,1,1,1,1,1,1,1,,1,,,Cyan,,Sensory/somatomotor Hand,,,,,,,,,,
35,,-14,-21,72,,-13,-17,75,,,1,1,1,1,1,1,1,1,1,,1,1,1,1,1,1,1,1,1,,1,,,Cyan,,Sensory/somatomotor Hand,,,,,,,,,,
36,,39,-24,54,,42,-20,55,,,1,1,1,1,1,1,1,1,1,,1,1,1,1,1,1,1,1,1,,1,,,Cyan,,Sensory/somatomotor Hand,,,,,,,,,,
37,,-38,-18,66,,-38,-15,69,,,1,1,1,1,1,1,1,1,1,,1,1,1,1,1,1,1,1,1,,1,,,Cyan,,Sensory/somatomotor Hand,,,,,,,,,,
38,,-17,-48,69,,-16,-46,73,,,1,1,1,1,1,1,1,1,1,,1,1,1,1,1,1,1,1,1,,1,,,Cyan,,Sensory/somatomotor Hand,,,,,,,,,,
39,,1,-31,58,,2,-28,60,,,1,1,1,1,1,1,1,1,1,,1,1,1,1,1,1,1,1,1,,1,,,Cyan,,Sensory/somatomotor Hand,,,,,,,,,,
40,,2,-21,57,,3,-17,58,,,1,1,1,1,1,1,1,1,1,,1,1,1,1,1,1,1,1,1,,1,,,Cyan,,Sensory/somatomotor Hand,,,,,,,,,,
41,,35,-21,45,,38,-17,45,,,1,1,1,1,1,1,1,1,1,,1,1,1,1,1,1,1,1,1,,1,,,Cyan,,Sensory/somatomotor Hand,,,,,,,,,,
42,,-48,-14,34,,-49,-11,35,,,1,1,1,1,1,1,33,33,33,,1,1,1,1,1,1,31,31,31,,2,,,Orange,,Sensory/somatomotor Mouth,,,,,,,,,,
43,,34,-13,16,,36,-9,14,,,1,1,1,1,1,1,33,33,33,,1,1,1,1,1,1,30,30,31,,2,,,Orange,,Sensory/somatomotor Mouth,,,,,,,,,,
44,,48,-10,34,,51,-6,32,,,1,1,1,1,1,1,33,33,33,,1,1,1,1,1,1,31,31,31,,2,,,Orange,,Sensory/somatomotor Mouth,,,,,,,,,,
45,,-51,-13,24,,-53,-10,24,,,1,1,1,1,1,1,33,33,33,,1,1,1,1,1,1,31,31,31,,2,,,Orange,,Sensory/somatomotor Mouth,,,,,,,,,,
46,,62,-12,27,,66,-8,25,,,1,1,1,1,1,1,33,33,33,,1,1,1,1,1,1,31,31,31,,2,,,Orange,,Sensory/somatomotor Mouth,,,,,,,,,,
47,,-4,-2,53,,-3,2,53,,,1,1,1,1,1,1,32,32,32,,1,1,1,1,1,1,30,30,30,,3,,,Purple,,Cingulo-opercular Task Control,,,,,,,,,,
48,,51,-31,34,,54,-28,34,,,1,1,1,1,1,1,32,32,32,,1,1,1,1,1,1,30,30,30,,3,,,Purple,,Cingulo-opercular Task Control,,,,,,,,,,
49,,17,-12,63,,19,-8,64,,,1,1,1,1,1,1,1,1,32,,1,1,1,1,1,1,1,1,30,,3,,,Purple,,Cingulo-opercular Task Control,,,,,,,,,,
50,,-17,-9,69,,-16,-5,71,,,1,1,1,1,1,1,32,1,32,,1,1,1,1,1,1,1,1,30,,3,,,Purple,,Cingulo-opercular Task Control,,,,,,,,,,
51,,-11,-6,42,,-10,-2,42,,,1,1,1,1,1,1,32,32,32,,1,1,1,1,1,1,1,30,30,,3,,,Purple,,Cingulo-opercular Task Control,,,,,,,,,,
52,,35,-3,0,,37,1,-4,,,1,1,1,1,1,1,32,32,32,,1,1,1,1,1,1,30,30,30,,3,,,Purple,,Cingulo-opercular Task Control,,,,,,,,,,
53,,11,-6,69,,13,-1,70,,,1,1,1,1,1,1,32,32,32,,1,1,1,1,1,1,30,30,30,,3,,,Purple,,Cingulo-opercular Task Control,,,,,,,,,,
54,,5,3,51,,7,8,51,,,1,1,1,1,1,1,32,32,32,,1,1,1,1,1,1,30,30,30,,3,,,Purple,,Cingulo-opercular Task Control,,,,,,,,,,
55,,-43,-3,10,,-45,0,9,,,1,1,1,1,1,1,32,32,32,,1,1,1,1,1,1,30,30,30,,3,,,Purple,,Cingulo-opercular Task Control,,,,,,,,,,
56,,47,4,3,,49,8,-1,,,1,1,1,1,1,1,32,32,32,,1,1,1,1,1,1,30,30,30,,3,,,Purple,,Cingulo-opercular Task Control,,,,,,,,,,
57,,-33,0,6,,-34,3,4,,,1,1,1,1,1,1,32,32,32,,1,1,1,1,1,1,30,30,30,,3,,,Purple,,Cingulo-opercular Task Control,,,,,,,,,,
58,,-49,5,0,,-51,8,-2,,,1,1,1,1,1,1,32,32,32,,1,1,1,1,1,1,30,30,30,,3,,,Purple,,Cingulo-opercular Task Control,,,,,,,,,,
59,,-6,13,36,,-5,18,34,,,1,1,1,1,1,1,32,32,32,,1,1,1,1,1,1,30,30,30,,3,,,Purple,,Cingulo-opercular Task Control,,,,,,,,,,
60,,34,6,5,,36,10,1,,,1,1,1,1,1,1,32,32,32,,1,1,1,1,1,1,30,30,30,,3,,,Purple,,Cingulo-opercular Task Control,,,,,,,,,,
61,,30,-29,14,,32,-26,13,,,1,1,1,1,1,6,6,32,48,,1,1,1,1,1,1,30,30,-1,,4,,,Pink,,Auditory,,,,,,,,,,
62,,62,-36,21,,65,-33,20,,,1,1,1,1,1,1,32,32,48,,1,1,1,1,1,1,30,30,50,,4,,,Pink,,Auditory,,,,,,,,,,
63,,55,-19,10,,58,-16,7,,,1,1,1,1,1,1,32,32,48,,1,1,1,1,1,1,30,30,50,,4,,,Pink,,Auditory,,,,,,,,,,
64,,-37,-35,16,,-38,-33,17,,,1,1,1,1,1,1,32,32,48,,1,1,1,1,1,1,30,30,50,,4,,,Pink,,Auditory,,,,,,,,,,
65,,-58,-27,13,,-60,-25,14,,,1,1,1,1,1,1,32,32,48,,1,1,1,1,1,1,30,30,50,,4,,,Pink,,Auditory,,,,,,,,,,
66,,-47,-28,5,,-49,-26,5,,,1,1,1,1,1,1,32,32,48,,1,1,1,1,1,1,30,30,50,,4,,,Pink,,Auditory,,,,,,,,,,
67,,41,-26,21,,43,-23,20,,,1,1,1,1,1,1,32,32,48,,1,1,1,1,1,1,30,30,50,,4,,,Pink,,Auditory,,,,,,,,,,
68,,-48,-36,24,,-50,-34,26,,,1,1,1,1,1,1,32,32,48,,1,1,1,1,1,1,30,30,50,,4,,,Pink,,Auditory,,,,,,,,,,
69,,-51,-24,22,,-53,-22,23,,,1,1,1,1,1,1,32,32,48,,1,1,1,1,1,1,30,30,50,,4,,,Pink,,Auditory,,,,,,,,,,
70,,-53,-12,12,,-55,-9,12,,,1,1,1,1,1,1,32,32,48,,1,1,1,1,1,1,30,30,50,,4,,,Pink,,Auditory,,,,,,,,,,
71,,53,-9,16,,56,-5,13,,,1,1,1,1,1,1,32,32,48,,1,1,1,1,1,1,30,30,50,,4,,,Pink,,Auditory,,,,,,,,,,
72,,56,-21,30,,59,-17,29,,,1,1,1,1,1,1,32,32,48,,1,1,1,1,1,1,30,30,50,,4,,,Pink,,Auditory,,,,,,,,,,
73,,-29,-29,12,,-30,-27,12,,,1,1,1,1,1,6,6,6,48,,1,6,6,6,6,6,-1,32,-1,,4,,,Pink,,Auditory,,,,,,,,,,
74,,-39,-75,22,,-41,-75,26,,,2,2,2,2,2,2,2,2,-1,,2,2,2,2,2,2,2,2,2,,5,,,Red,,Default mode,,,,,,,,,,
75,,5,60,3,,6,67,-4,,,2,2,2,2,2,2,2,2,-1,,2,2,2,2,2,2,2,2,2,,5,,,Red,,Default mode,,,,,,,,,,
76,,8,42,-9,,8,48,-15,,,2,2,2,2,2,2,2,2,-1,,2,2,2,2,2,2,2,2,2,,5,,,Red,,Default mode,,,,,,,,,,
77,,-12,-41,1,,-13,-40,1,,,2,2,2,2,2,2,2,2,-1,,3,3,2,2,2,2,2,2,-1,,5,,,Red,,Default mode,,,,,,,,,,
78,,-17,57,-3,,-18,63,-9,,,2,2,2,2,2,2,2,-1,-1,,2,2,2,2,2,-1,-1,-1,-1,,5,,,Red,,Default mode,,,,,,,,,,
79,,-44,-61,18,,-46,-61,21,,,2,2,2,2,2,2,2,2,-1,,2,2,2,2,2,2,2,-1,-1,,5,,,Red,,Default mode,,,,,,,,,,
80,,41,-73,26,,43,-72,28,,,2,2,2,2,2,2,2,2,-1,,2,2,2,2,2,2,2,2,2,,5,,,Red,,Default mode,,,,,,,,,,
81,,-41,9,-30,,-44,12,-34,,,2,2,2,2,2,2,2,-1,-1,,2,2,2,2,2,2,-1,-1,-1,,5,,,Red,,Default mode,,,,,,,,,,
82,,44,12,-24,,46,16,-30,,,2,2,2,2,2,2,2,-1,-1,,2,2,2,2,2,2,-1,-1,-1,,5,,,Red,,Default mode,,,,,,,,,,
83,,-65,-24,-15,,-68,-23,-16,,,2,2,2,2,2,2,2,-1,-1,,2,2,2,2,2,2,2,32,-1,,5,,,Red,,Default mode,,,,,,,,,,
84,,-55,-27,-14,,-58,-26,-15,,,2,2,2,2,-1,-1,-1,-1,-1,,2,2,2,-1,-1,-1,-1,-1,-1,,-1,,,White,,Uncertain,,,,,,,,,,
85,,26,12,-12,,27,16,-17,,,2,2,-1,-1,-1,-1,-1,-1,-1,,2,2,2,-1,-1,-1,-1,-1,-1,,-1,,,White,,Uncertain,,,,,,,,,,
86,,-43,-65,31,,-44,-65,35,,,2,2,2,2,2,2,2,2,2,,2,2,2,2,2,2,2,2,2,,5,,,Red,,Default mode,,,,,,,,,,
87,,-38,-75,39,,-39,-75,44,,,2,2,2,2,2,2,2,2,2,,2,2,2,2,2,2,2,2,2,,5,,,Red,,Default mode,,,,,,,,,,
88,,-7,-56,25,,-7,-55,27,,,2,2,2,2,2,2,2,2,2,,2,2,2,2,2,2,2,2,2,,5,,,Red,,Default mode,,,,,,,,,,
89,,5,-60,33,,6,-59,35,,,2,2,2,2,2,2,2,2,2,,2,2,2,2,2,2,2,2,2,,5,,,Red,,Default mode,,,,,,,,,,
90,,-11,-57,14,,-11,-56,16,,,2,2,2,2,2,2,2,2,2,,2,2,2,2,2,2,2,2,2,,5,,,Red,,Default mode,,,,,,,,,,
91,,-3,-50,12,,-3,-49,13,,,2,2,2,2,2,2,2,2,2,,2,2,2,2,2,2,2,2,2,,5,,,Red,,Default mode,,,,,,,,,,
92,,7,-50,29,,8,-48,31,,,2,2,2,2,2,2,2,2,2,,2,2,2,2,2,2,2,2,2,,5,,,Red,,Default mode,,,,,,,,,,
93,,14,-64,24,,15,-63,26,,,2,2,2,2,2,2,2,2,2,,2,2,2,2,2,2,2,2,2,,5,,,Red,,Default mode,,,,,,,,,,
94,,-3,-39,42,,-2,-37,44,,,2,2,2,2,2,2,2,2,2,,2,2,2,2,2,2,2,2,2,,5,,,Red,,Default mode,,,,,,,,,,
95,,10,-55,16,,11,-54,17,,,2,2,2,2,2,2,2,2,2,,2,2,2,2,2,2,2,2,2,,5,,,Red,,Default mode,,,,,,,,,,
96,,49,-61,34,,52,-59,36,,,2,2,2,2,2,2,2,2,2,,2,2,2,2,2,2,2,2,2,,5,,,Red,,Default mode,,,,,,,,,,
97,,21,27,50,,23,33,48,,,2,2,2,2,2,2,2,2,2,,2,2,2,2,2,2,2,2,2,,5,,,Red,,Default mode,,,,,,,,,,
98,,-11,33,54,,-10,39,52,,,2,2,2,2,2,2,2,2,2,,2,2,2,2,2,2,2,2,2,,5,,,Red,,Default mode,,,,,,,,,,
99,,-17,23,54,,-16,29,53,,,2,2,2,2,2,2,2,2,2,,2,2,2,2,2,2,2,2,2,,5,,,Red,,Default mode,,,,,,,,,,
100,,-35,15,51,,-35,20,51,,,2,2,2,2,2,2,2,2,2,,2,2,2,2,2,2,2,2,2,,5,,,Red,,Default mode,,,,,,,,,,
101,,20,33,42,,22,39,39,,,2,2,2,2,2,2,2,2,2,,2,2,2,2,2,2,2,2,2,,5,,,Red,,Default mode,,,,,,,,,,
102,,11,48,42,,13,55,38,,,2,2,2,2,2,2,2,2,2,,2,2,2,2,2,2,2,2,2,,5,,,Red,,Default mode,,,,,,,,,,
103,,-11,48,42,,-10,55,39,,,2,2,2,2,2,2,2,2,2,,2,2,2,2,2,2,2,2,2,,5,,,Red,,Default mode,,,,,,,,,,
104,,-20,39,42,,-20,45,39,,,2,2,2,2,2,2,2,2,2,,2,2,2,2,2,2,2,2,2,,5,,,Red,,Default mode,,,,,,,,,,
105,,5,48,21,,6,54,16,,,2,2,2,2,2,2,2,2,2,,2,2,2,2,2,2,2,2,2,,5,,,Red,,Default mode,,,,,,,,,,
106,,5,57,27,,6,64,22,,,2,2,2,2,2,2,2,2,2,,2,2,2,2,2,2,2,2,2,,5,,,Red,,Default mode,,,,,,,,,,
107,,-7,45,4,,-7,51,-1,,,2,2,2,2,2,2,2,2,2,,2,2,2,2,2,2,2,2,2,,5,,,Red,,Default mode,,,,,,,,,,
108,,8,48,9,,9,54,3,,,2,2,2,2,2,2,2,2,2,,2,2,2,2,2,2,2,2,2,,5,,,Red,,Default mode,,,,,,,,,,
109,,-3,39,-4,,-3,44,-9,,,2,2,2,2,2,2,2,2,2,,2,2,2,2,2,2,2,2,2,,5,,,Red,,Default mode,,,,,,,,,,
110,,7,37,0,,8,42,-5,,,2,2,2,2,2,2,2,2,2,,2,2,2,2,2,2,2,2,2,,5,,,Red,,Default mode,,,,,,,,,,
111,,-11,39,12,,-11,45,8,,,2,2,2,2,2,2,2,2,2,,2,2,2,2,2,2,2,2,2,,5,,,Red,,Default mode,,,,,,,,,,
112,,-3,32,39,,-2,38,36,,,2,2,2,2,2,2,2,2,2,,2,2,2,2,2,2,2,2,4,,5,,,Red,,Default mode,,,,,,,,,,
113,,-3,36,20,,-3,42,16,,,2,2,2,2,2,2,2,2,2,,2,2,2,2,2,2,2,2,2,,5,,,Red,,Default mode,,,,,,,,,,
114,,-20,57,24,,-20,64,19,,,2,2,2,2,2,2,2,2,2,,2,2,2,2,2,2,2,2,-1,,5,,,Red,,Default mode,,,,,,,,,,
115,,-8,42,27,,-8,48,23,,,2,2,2,2,2,2,2,2,2,,2,2,2,2,2,2,2,2,2,,5,,,Red,,Default mode,,,,,,,,,,
116,,62,-15,-15,,65,-12,-19,,,2,2,2,2,2,2,2,2,2,,2,2,2,2,2,2,2,2,-1,,5,,,Red,,Default mode,,,,,,-1,,255,255,255
117,,-53,-15,-9,,-56,-13,-10,,,2,2,2,2,2,2,2,2,2,,2,2,2,2,2,2,2,2,2,,5,,,Red,,Default mode,,,,,,1,,0,255,255
118,,-55,-31,-4,,-58,-30,-4,,,2,2,2,2,2,2,2,2,2,,2,2,2,2,2,2,2,2,2,,5,,,Red,,Default mode,,,,,,2,,255,128,0
119,,62,-33,-6,,65,-31,-9,,,2,2,2,2,2,2,2,2,2,,2,2,2,2,2,2,2,2,2,,5,,,Red,,Default mode,,,,,,3,,128,0,128
120,,-65,-42,-6,,-68,-41,-5,,,2,2,2,2,2,2,2,2,2,,2,2,2,2,2,2,2,2,2,,5,,,Red,,Default mode,,,,,,4,,255,0,255
121,,11,24,60,,13,30,59,,,2,2,2,2,2,2,2,2,2,,2,2,2,2,2,2,2,2,2,,5,,,Red,,Default mode,,,,,,5,,255,0,0
122,,11,30,24,,12,36,20,,,2,2,2,2,2,2,2,2,2,,2,2,2,2,2,2,2,2,2,,5,,,Red,,Default mode,,,,,,6,,128,128,128
123,,50,-6,-12,,52,-2,-16,,,2,2,2,2,2,2,2,2,2,,2,2,2,2,2,2,2,2,-1,,5,,,Red,,Default mode,,,,,,7,,0,0,255
124,,-25,-41,-8,,-26,-40,-8,,,2,2,2,2,2,2,2,2,2,,2,2,2,2,2,2,2,2,2,,5,,,Red,,Default mode,,,,,,8,,255,255,0
125,,26,-39,-11,,27,-37,-13,,,2,2,2,2,2,2,2,2,2,,2,2,2,2,2,2,2,2,2,,5,,,Red,,Default mode,,,,,,9,,0,0,0
126,,-32,-39,-15,,-34,-38,-16,,,2,2,2,2,2,2,2,2,2,,2,2,2,2,2,2,2,2,2,,5,,,Red,,Default mode,,,,,,10,,180,60,0
127,,28,-76,-31,,28,-77,-32,,,2,2,2,2,2,2,2,2,2,,2,2,2,2,2,2,2,2,2,,5,,,Red,,Default mode,,,,,,11,,0,128,128
128,,50,3,-24,,52,7,-30,,,2,2,2,2,2,2,2,-1,2,,2,2,2,2,2,2,2,2,-1,,5,,,Red,,Default mode,,,,,,12,,0,255,0
129,,-50,0,-24,,-53,3,-27,,,2,2,2,2,2,2,2,2,2,,2,2,2,2,2,2,2,2,-1,,5,,,Red,,Default mode,,,,,,13,,,,
130,,44,-52,28,,47,-50,29,,,2,2,2,2,2,2,2,2,2,,2,2,2,2,2,2,2,-1,-1,,5,,,Red,,Default mode,,,,,,,,,,
131,,-47,-43,0,,-49,-42,1,,,2,2,2,2,2,2,2,2,2,,2,2,2,2,2,2,2,2,-1,,5,,,Red,,Default mode,,,,,,,,,,
132,,-29,15,-15,,-31,19,-19,,,2,2,-1,-1,-1,-1,-1,-1,-1,,2,2,2,-1,-1,-1,-1,-1,-1,,-1,,,White,,Uncertain,,,,,,,,,,
133,,-3,-37,30,,-2,-35,31,,,2,2,2,4,24,24,24,24,24,,2,2,2,2,2,2,2,39,39,,6,,,Gray,,Memory retrieval?,,,,,,,,,,
134,,-7,-72,38,,-7,-71,42,,,2,2,2,2,24,24,24,24,24,,2,2,2,2,2,2,2,39,39,,6,,,Gray,,Memory retrieval?,,,,,,,,,,
135,,10,-67,39,,11,-66,42,,,2,2,2,4,24,24,24,24,24,,2,2,2,2,2,2,2,39,39,,6,,,Gray,,Memory retrieval?,,,,,,,,,,
136,,3,-50,48,,4,-48,51,,,2,2,2,2,24,24,24,24,24,,2,2,2,2,2,2,2,39,2,,6,,,Gray,,Memory retrieval?,,,,,,,,,,
137,,-44,27,-9,,-46,31,-13,,,2,2,2,2,2,2,2,2,50,,2,2,2,2,2,2,2,2,40,,5,,,Red,,Default mode,,,,,,,,,,
138,,-11,6,66,,-10,11,67,,,2,2,2,2,2,7,7,7,50,,2,2,2,2,2,7,7,40,40,,11,,,Teal,,Ventral attention,,,,,,,,,,
139,,47,30,-6,,49,35,-12,,,2,2,2,2,2,2,2,2,50,,2,2,2,2,2,2,2,40,40,,5,,,Red,,Default mode,,,,,,,,,,
140,,8,-90,-9,,8,-91,-7,,,3,3,3,-1,-1,-1,-1,-1,-1,,3,3,3,3,3,3,3,3,-1,,-1,,,White,,Uncertain,,,,,,,,,,
141,,17,-90,-15,,17,-91,-14,,,3,3,3,-1,-1,-1,-1,-1,-1,,3,3,3,3,3,-1,-1,-1,-1,,-1,,,White,,Uncertain,,,,,,,,,,
142,,-11,-93,-15,,-12,-95,-13,,,3,3,3,-1,-1,-1,-1,-1,-1,,3,3,3,3,3,-1,-1,-1,-1,,-1,,,White,,Uncertain,,,,,,,,,,
143,,17,-48,-9,,18,-47,-10,,,3,3,3,3,3,3,3,3,3,,3,3,3,3,3,3,3,3,3,,7,,,Blue,,Visual,,,,,,,,,,
144,,38,-73,13,,40,-72,14,,,3,3,3,3,3,3,3,3,3,,3,3,3,3,3,3,3,3,3,,7,,,Blue,,Visual,,,,,,,,,,
145,,8,-72,9,,8,-72,11,,,3,3,3,3,3,3,3,3,3,,3,3,3,3,3,3,3,3,3,,7,,,Blue,,Visual,,,,,,,,,,
146,,-8,-80,5,,-8,-81,7,,,3,3,3,3,3,3,3,3,3,,3,3,3,3,3,3,3,3,3,,7,,,Blue,,Visual,,,,,,,,,,
147,,-27,-79,16,,-28,-79,19,,,3,3,3,3,3,3,3,3,3,,3,3,3,3,3,3,3,3,3,,7,,,Blue,,Visual,,,,,,,,,,
148,,19,-66,1,,20,-66,2,,,3,3,3,3,3,3,3,3,3,,3,3,3,3,3,3,3,3,3,,7,,,Blue,,Visual,,,,,,,,,,
149,,-23,-90,15,,-24,-91,19,,,3,3,3,3,3,3,3,3,3,,3,3,3,3,3,3,3,3,3,,7,,,Blue,,Visual,,,,,,,,,,
150,,26,-60,-9,,27,-59,-9,,,3,3,3,3,3,3,3,3,3,,3,3,3,3,3,3,3,3,3,,7,,,Blue,,Visual,,,,,,,,,,
151,,-14,-72,-9,,-15,-72,-8,,,3,3,3,3,3,3,3,3,3,,3,3,3,3,3,3,3,3,3,,7,,,Blue,,Visual,,,,,,,,,,
152,,-17,-68,3,,-18,-68,5,,,3,3,3,3,3,3,3,3,3,,3,3,3,3,3,3,3,3,3,,7,,,Blue,,Visual,,,,,,,,,,
153,,41,-78,-12,,43,-78,-12,,,3,3,3,3,3,3,3,3,3,,3,3,3,3,3,3,3,3,3,,7,,,Blue,,Visual,,,,,,,,,,
154,,-44,-75,-12,,-47,-76,-10,,,3,3,3,3,3,3,3,3,3,,3,3,3,3,3,3,3,3,3,,7,,,Blue,,Visual,,,,,,,,,,
155,,-14,-90,27,,-14,-91,31,,,3,3,3,3,3,3,3,3,3,,3,3,3,3,3,3,3,3,3,,7,,,Blue,,Visual,,,,,,,,,,
156,,14,-87,33,,15,-87,37,,,3,3,3,3,3,3,3,3,3,,3,3,3,3,3,3,3,3,3,,7,,,Blue,,Visual,,,,,,,,,,
157,,27,-77,23,,29,-77,25,,,3,3,3,3,3,3,3,3,3,,3,3,3,3,3,3,3,3,3,,7,,,Blue,,Visual,,,,,,,,,,
158,,19,-85,-4,,20,-86,-2,,,3,3,3,3,3,3,3,3,3,,3,3,3,3,3,3,3,3,3,,7,,,Blue,,Visual,,,,,,,,,,
159,,14,-77,28,,15,-77,31,,,3,3,3,3,3,3,3,3,3,,3,3,3,3,3,3,3,3,3,,7,,,Blue,,Visual,,,,,,,,,,
160,,-15,-53,-2,,-16,-52,-1,,,3,3,3,3,3,3,3,3,3,,3,3,3,3,3,3,3,3,3,,7,,,Blue,,Visual,,,,,,,,,,
161,,40,-66,-8,,42,-66,-8,,,3,3,3,3,3,3,3,3,3,,3,3,3,3,3,3,3,3,3,,7,,,Blue,,Visual,,,,,,,,,,
162,,23,-87,21,,24,-87,24,,,3,3,3,3,3,3,3,3,3,,3,3,3,3,3,3,3,3,3,,7,,,Blue,,Visual,,,,,,,,,,
163,,5,-72,21,,6,-72,24,,,3,3,3,3,3,3,3,3,3,,3,3,3,3,3,3,3,3,3,,7,,,Blue,,Visual,,,,,,,,,,
164,,-40,-73,-2,,-42,-74,0,,,3,3,3,3,3,3,3,3,3,,3,3,3,3,3,3,3,3,3,,7,,,Blue,,Visual,,,,,,,,,,
165,,25,-79,-16,,26,-79,-16,,,3,3,3,3,3,3,3,3,3,,3,3,3,3,3,3,3,3,3,,7,,,Blue,,Visual,,,,,,,,,,
166,,-16,-77,30,,-16,-77,34,,,3,3,3,3,3,3,3,3,3,,3,3,3,3,3,3,3,3,3,,7,,,Blue,,Visual,,,,,,,,,,
167,,-3,-81,18,,-3,-81,21,,,3,3,3,3,3,3,3,3,3,,3,3,3,3,3,3,3,3,3,,7,,,Blue,,Visual,,,,,,,,,,
168,,-38,-87,-9,,-40,-88,-6,,,3,3,3,3,3,3,3,3,3,,3,3,3,3,3,3,3,3,3,,7,,,Blue,,Visual,,,,,,,,,,
169,,35,-84,11,,37,-84,13,,,3,3,3,3,3,3,3,3,3,,3,3,3,3,3,3,3,3,3,,7,,,Blue,,Visual,,,,,,,,,,
170,,6,-81,4,,6,-81,6,,,3,3,3,3,3,3,3,3,3,,3,3,3,3,3,3,3,3,3,,7,,,Blue,,Visual,,,,,,,,,,
171,,-25,-89,0,,-26,-90,3,,,3,3,3,3,3,3,3,3,3,,3,3,3,3,3,3,3,3,3,,7,,,Blue,,Visual,,,,,,,,,,
172,,-31,-78,-15,,-33,-79,-13,,,3,3,3,3,3,3,3,3,3,,3,3,3,3,3,3,3,3,3,,7,,,Blue,,Visual,,,,,,,,,,
173,,35,-81,0,,37,-81,1,,,3,3,3,3,3,3,3,3,3,,3,3,3,3,3,3,3,3,3,,7,,,Blue,,Visual,,,,,,,,,,
174,,-43,-2,45,,-44,2,46,,,4,4,4,4,4,4,7,7,-1,,4,4,4,4,4,4,4,4,-1,,8,,,Yellow,,Fronto-parietal Task Control,,,,,,,,,,
175,,45,19,30,,48,25,27,,,4,4,4,4,4,4,4,4,-1,,4,4,4,4,4,4,4,4,4,,8,,,Yellow,,Fronto-parietal Task Control,,,,,,,,,,
176,,-45,7,24,,-47,11,23,,,4,4,4,4,17,4,4,4,-1,,4,4,4,4,4,4,4,4,4,,8,,,Yellow,,Fronto-parietal Task Control,,,,,,,,,,
177,,-51,-50,39,,-53,-49,43,,,4,4,4,4,4,4,34,5,-1,,4,4,4,4,4,4,4,4,-1,,8,,,Yellow,,Fronto-parietal Task Control,,,,,,,,,,
178,,-23,6,63,,-23,11,64,,,4,4,4,4,4,4,4,4,-1,,4,4,4,4,4,4,4,4,4,,8,,,Yellow,,Fronto-parietal Task Control,,,,,,,,,,
179,,56,-54,-12,,58,-53,-14,,,4,4,4,4,4,4,4,4,-1,,4,4,4,4,4,4,4,-1,-1,,8,,,Yellow,,Fronto-parietal Task Control,,,,,,,,,,
180,,23,39,-9,,24,45,-15,,,4,4,4,4,4,4,-1,-1,-1,,4,4,4,4,4,4,4,4,-1,,8,,,Yellow,,Fronto-parietal Task Control,,,,,,,,,,
181,,32,48,-6,,34,54,-13,,,4,4,4,4,4,4,4,-1,-1,,4,4,4,4,4,4,4,-1,-1,,8,,,Yellow,,Fronto-parietal Task Control,,,,,,,,,,
182,,-20,36,-15,,-21,41,-20,,,-1,4,4,4,-1,-1,-1,-1,-1,,4,4,4,4,-1,-1,-1,-1,-1,,-1,,,White,,Uncertain,,,,,,,,,,
183,,-16,-75,-25,,-18,-76,-24,,,4,4,4,8,8,-1,-1,-1,-1,,8,8,8,8,8,8,-1,-1,-1,,-1,,,White,,Uncertain,,,,,,,,,,
184,,17,-79,-34,,17,-80,-34,,,2,4,4,4,8,-1,-1,-1,-1,,2,2,-1,-1,-1,-1,-1,-1,-1,,-1,,,White,,Uncertain,,,,,,,,,,
185,,34,-67,-33,,35,-67,-34,,,2,4,4,4,4,-1,-1,-1,-1,,2,2,-1,-1,-1,-1,-1,-1,-1,,-1,,,White,,Uncertain,,,,,,,,,,
186,,44,5,35,,47,10,33,,,4,4,4,4,4,4,4,4,4,,4,4,4,4,4,4,4,4,4,,8,,,Yellow,,Fronto-parietal Task Control,,,,,,,,,,
187,,-40,2,33,,-41,6,33,,,4,4,4,4,4,4,4,4,4,,4,4,4,4,4,4,4,4,4,,8,,,Yellow,,Fronto-parietal Task Control,,,,,,,,,,
188,,-41,33,24,,-42,38,21,,,4,4,4,4,4,4,4,4,4,,4,4,4,4,4,4,4,4,4,,8,,,Yellow,,Fronto-parietal Task Control,,,,,,,,,,
189,,36,37,20,,38,43,15,,,4,4,4,4,4,4,4,4,4,,4,4,4,4,4,4,4,4,4,,8,,,Yellow,,Fronto-parietal Task Control,,,,,,,,,,
190,,46,-45,44,,49,-42,45,,,4,4,4,4,4,4,4,4,4,,4,4,4,4,4,4,4,4,4,,8,,,Yellow,,Fronto-parietal Task Control,,,,,,,,,,
191,,-28,-59,44,,-28,-58,48,,,4,4,4,4,4,4,4,4,4,,4,4,4,4,4,4,4,4,4,,8,,,Yellow,,Fronto-parietal Task Control,,,,,,,,,,
192,,41,-55,45,,44,-53,47,,,4,4,4,4,4,4,4,4,4,,4,4,4,4,4,4,4,4,4,,8,,,Yellow,,Fronto-parietal Task Control,,,,,,,,,,
193,,29,9,57,,32,14,56,,,4,4,4,4,4,4,4,4,4,,4,4,4,4,4,4,2,4,4,,8,,,Yellow,,Fronto-parietal Task Control,,,,,,,,,,
194,,35,-66,38,,37,-65,40,,,4,4,4,4,4,4,4,4,4,,4,4,4,4,4,4,4,4,4,,8,,,Yellow,,Fronto-parietal Task Control,,,,,,,,,,
195,,-41,-56,41,,-42,-55,45,,,4,4,4,4,4,4,4,4,4,,4,4,4,4,4,4,4,4,4,,8,,,Yellow,,Fronto-parietal Task Control,,,,,,,,,,
196,,37,13,42,,40,18,40,,,4,4,4,2,2,4,4,2,4,,4,4,4,4,4,4,4,4,4,,8,,,Yellow,,Fronto-parietal Task Control,,,,,,,,,,
197,,-33,49,9,,-34,55,4,,,4,4,4,4,4,4,4,4,4,,4,4,4,4,4,4,4,4,-1,,8,,,Yellow,,Fronto-parietal Task Control,,,,,,,,,,
198,,-40,40,2,,-42,45,-2,,,4,4,4,4,4,4,4,4,4,,4,4,4,4,4,4,4,4,4,,8,,,Yellow,,Fronto-parietal Task Control,,,,,,,,,,
199,,31,-55,42,,33,-53,44,,,4,4,4,4,4,4,4,4,4,,4,4,4,4,4,4,4,4,4,,8,,,Yellow,,Fronto-parietal Task Control,,,,,,,,,,
200,,41,43,4,,43,49,-2,,,4,4,4,4,4,4,4,4,4,,4,4,4,4,4,4,4,4,4,,8,,,Yellow,,Fronto-parietal Task Control,,,,,,,,,,
201,,-41,20,31,,-42,25,30,,,4,4,4,4,4,4,4,4,4,,4,4,4,4,4,4,4,4,4,,8,,,Yellow,,Fronto-parietal Task Control,,,,,,,,,,
202,,-4,21,46,,-3,26,44,,,4,4,4,4,4,4,4,4,4,,4,4,4,4,4,4,4,4,-1,,8,,,Yellow,,Fronto-parietal Task Control,,,,,,,,,,
203,,9,-41,48,,11,-39,50,,,5,5,5,5,5,1,17,17,-1,,5,5,5,5,5,21,21,-1,-1,,9,,,Black,,Salience,,,,,,,,,,
204,,52,-47,36,,55,-45,37,,,5,5,5,5,5,5,34,5,-1,,5,5,5,5,5,5,4,5,-1,,9,,,Black,,Salience,,,,,,,,,,
205,,39,-5,48,,42,-0,47,,,5,5,5,7,7,5,32,32,-1,,1,1,1,1,1,1,30,30,30,,9,,,Black,,Salience,,,,,,,,,,
206,,29,27,30,,31,33,26,,,5,5,5,5,5,5,5,5,5,,5,5,5,5,5,5,5,5,-1,,9,,,Black,,Salience,,,,,,,,,,
207,,45,17,14,,48,22,10,,,5,5,5,5,7,7,34,5,-1,,5,5,5,5,5,5,5,5,-1,,9,,,Black,,Salience,,,,,,,,,,
208,,-34,16,3,,-35,20,0,,,5,5,5,5,5,5,5,5,5,,5,5,5,5,5,5,5,5,30,,9,,,Black,,Salience,,,,,,,,,,
209,,34,17,7,,36,22,3,,,5,5,5,5,5,5,5,5,5,,5,5,5,5,5,5,5,5,30,,9,,,Black,,Salience,,,,,,,,,,
210,,35,27,3,,37,32,-2,,,5,5,5,5,5,5,5,5,5,,5,5,5,5,5,1,30,30,30,,9,,,Black,,Salience,,,,,,,,,,
211,,32,12,-3,,34,16,-8,,,5,5,5,5,5,5,5,5,5,,5,5,5,5,5,5,5,5,30,,9,,,Black,,Salience,,,,,,,,,,
212,,-11,21,27,,-11,26,25,,,5,5,5,5,5,5,5,5,5,,5,5,5,5,5,5,5,5,5,,9,,,Black,,Salience,,,,,,,,,,
213,,-2,10,45,,-1,15,44,,,5,5,5,5,5,5,5,5,5,,5,5,5,5,5,5,5,5,30,,9,,,Black,,Salience,,,,,,,,,,
214,,-27,46,25,,-28,52,21,,,5,5,5,5,5,5,5,5,5,,5,5,5,5,5,5,5,5,5,,9,,,Black,,Salience,,,,,,,,,,
215,,-1,25,30,,-0,30,27,,,5,5,5,5,5,5,5,5,5,,5,5,5,5,5,5,5,5,5,,9,,,Black,,Salience,,,,,,,,,,
216,,4,18,39,,5,23,37,,,5,5,5,5,5,5,5,5,5,,5,5,5,5,5,5,5,5,5,,9,,,Black,,Salience,,,,,,,,,,
217,,9,17,30,,10,22,27,,,5,5,5,5,5,5,5,5,5,,5,5,5,5,5,5,5,5,5,,9,,,Black,,Salience,,,,,,,,,,
218,,29,49,20,,31,56,14,,,5,5,5,5,5,5,5,5,5,,5,5,5,5,5,5,4,5,5,,9,,,Black,,Salience,,,,,,,,,,
219,,24,43,31,,26,50,27,,,5,5,5,5,5,5,5,5,5,,5,5,5,5,5,5,5,5,5,,9,,,Black,,Salience,,,,,,,,,,
220,,-38,45,21,,-39,51,17,,,5,5,5,5,5,5,5,5,5,,5,5,5,5,5,5,4,5,5,,9,,,Black,,Salience,,,,,,,,,,
221,,1,-27,30,,2,-24,30,,,5,5,5,5,24,24,24,24,24,,5,5,5,5,2,2,2,39,39,,6,,,Gray,,Memory retrieval?,,,,,,,,,,
222,,6,-26,1,,6,-24,-0,,,6,6,6,6,6,6,-1,-1,-1,,6,6,6,6,-1,-1,-1,-1,-1,,10,,,Brown,,Subcortical,,,,,,,,,,
223,,-2,-16,13,,-2,-13,12,,,6,6,6,6,6,6,-1,-1,-1,,2,2,2,2,-1,-1,-1,-1,-1,,10,,,Brown,,Subcortical,,,,,,,,,,
224,,-10,-21,8,,-10,-18,7,,,6,6,6,6,6,6,6,6,-1,,6,6,6,6,6,6,-1,32,-1,,10,,,Brown,,Subcortical,,,,,,,,,,
225,,11,-20,9,,12,-17,8,,,6,6,6,6,6,6,6,6,-1,,6,6,6,6,6,6,-1,32,-1,,10,,,Brown,,Subcortical,,,,,,,,,,
226,,-5,-30,-3,,-5,-28,-4,,,6,6,6,6,6,6,6,-1,-1,,8,6,6,6,-1,-1,-1,-1,-1,,10,,,Brown,,Subcortical,,,,,,,,,,
227,,-21,4,-2,,-22,7,-5,,,6,6,6,6,6,6,6,6,6,,6,6,6,6,6,6,6,6,6,,10,,,Brown,,Subcortical,,,,,,,,,,
228,,-15,0,10,,-15,4,8,,,6,6,6,6,6,6,6,6,6,,6,6,6,6,6,6,6,6,6,,10,,,Brown,,Subcortical,,,,,,,,,,
229,,29,-17,4,,31,-14,2,,,6,6,6,6,6,6,6,6,6,,6,6,6,6,6,6,6,6,6,,10,,,Brown,,Subcortical,,,,,,,,,,
230,,22,6,5,,23,10,1,,,6,6,6,6,6,6,6,6,6,,6,6,6,6,6,6,6,6,6,,10,,,Brown,,Subcortical,,,,,,,,,,
231,,27,-3,7,,29,1,4,,,6,6,6,6,6,6,6,6,6,,6,6,6,6,6,6,6,6,6,,10,,,Brown,,Subcortical,,,,,,,,,,
232,,-30,-14,1,,-31,-11,-0,,,6,6,6,6,6,6,6,6,6,,6,6,6,6,6,6,6,6,6,,10,,,Brown,,Subcortical,,,,,,,,,,
233,,14,1,10,,15,5,7,,,6,6,6,6,6,6,6,6,6,,6,6,6,6,6,6,6,6,6,,10,,,Brown,,Subcortical,,,,,,,,,,
234,,8,-7,8,,9,-4,6,,,6,6,6,6,6,6,6,6,6,,6,6,6,6,6,6,6,6,6,,10,,,Brown,,Subcortical,,,,,,,,,,
235,,51,-45,22,,54,-43,22,,,7,7,7,7,7,7,34,2,-1,,1,7,7,1,7,1,-1,-1,-1,,11,,,Teal,,Ventral attention,,,,,,,,,,
236,,-54,-51,8,,-56,-50,10,,,7,7,7,7,7,7,7,7,7,,7,7,7,7,7,7,7,7,7,,11,,,Teal,,Ventral attention,,,,,,,,,,
237,,-53,-41,12,,-55,-40,14,,,7,7,7,7,7,1,7,7,7,,7,7,7,7,7,7,7,7,7,,11,,,Teal,,Ventral attention,,,,,,,,,,
238,,49,-35,9,,52,-33,8,,,7,7,7,7,7,1,7,7,7,,7,7,7,7,7,7,7,7,7,,11,,,Teal,,Ventral attention,,,,,,,,,,
239,,49,-31,-2,,51,-29,-4,,,7,7,7,7,7,7,7,2,2,,7,7,7,7,7,7,2,7,2,,11,,,Teal,,Ventral attention,,,,,,,,,,
240,,53,-48,12,,56,-46,11,,,7,7,7,7,7,7,7,7,7,,7,7,7,7,7,7,7,7,7,,11,,,Teal,,Ventral attention,,,,,,,,,,
241,,50,27,6,,53,33,1,,,7,7,7,7,7,7,7,7,50,,7,7,7,7,7,7,7,40,40,,11,,,Teal,,Ventral attention,,,,,,,,,,
242,,-47,21,2,,-49,25,-1,,,7,7,7,2,2,7,7,7,50,,7,7,7,7,2,7,7,40,40,,11,,,Teal,,Ventral attention,,,,,,,,,,
243,,-15,-65,-20,,-16,-65,-20,,,8,8,8,8,8,8,8,8,8,,8,8,8,8,8,8,8,8,-1,,13,,,Pale blue,,Cerebellar,,,,,,,,,,
244,,-30,-55,-25,,-32,-55,-25,,,8,8,8,8,8,8,8,8,8,,8,8,8,8,8,8,8,8,-1,,13,,,Pale blue,,Cerebellar,,,,,,,,,,
245,,22,-58,-22,,22,-58,-23,,,8,8,8,8,8,8,8,8,8,,8,8,8,8,8,8,8,8,-1,,13,,,Pale blue,,Cerebellar,,,,,,,,,,
246,,1,-62,-18,,1,-62,-18,,,8,8,8,8,8,8,8,8,8,,8,8,8,8,8,8,8,8,-1,,13,,,Pale blue,,Cerebellar,,,,,,,,,,
247,,32,-15,-30,,33,-12,-34,,,9,9,9,9,9,-1,-1,-1,-1,,9,9,9,9,9,9,-1,-1,-1,,-1,,,White,,Uncertain,,,,,,,,,,
248,,-29,-12,-33,,-31,-10,-36,,,9,9,9,9,9,-1,-1,-1,-1,,9,9,9,9,9,9,-1,-1,-1,,-1,,,White,,Uncertain,,,,,,,,,,
249,,47,-6,-33,,49,-3,-38,,,9,9,9,9,9,-1,-1,-1,-1,,9,9,9,9,9,9,-1,-1,-1,,-1,,,White,,Uncertain,,,,,,,,,,
250,,-47,-9,-36,,-50,-7,-39,,,9,9,9,9,9,-1,-1,-1,-1,,9,9,9,9,9,9,-1,-1,-1,,-1,,,White,,Uncertain,,,,,,,,,,
251,,8,-63,57,,10,-62,61,,,4,17,17,17,17,17,17,17,-1,,5,5,4,5,21,21,21,-1,-1,,12,,,Green,,Dorsal attention,,,,,,,,,,
252,,-50,-63,3,,-52,-63,5,,,4,17,17,17,17,4,4,4,-1,,4,4,4,4,4,21,4,-1,-1,,12,,,Green,,Dorsal attention,,,,,,,,,,
253,,-44,-51,-21,,-47,-51,-21,,,3,3,17,17,3,-1,-1,-1,-1,,3,3,3,3,-1,-1,-1,-1,-1,,-1,,,White,,Uncertain,,,,,,,,,,
254,,44,-48,-15,,46,-47,-17,,,3,3,17,17,3,-1,-1,-1,-1,,3,3,3,3,-1,-1,4,38,-1,,-1,,,White,,Uncertain,,,,,,,,,,
255,,44,-33,48,,47,-30,49,,,1,17,17,17,17,1,1,1,1,,1,1,1,1,1,1,1,1,1,,1,,,Cyan,,Sensory/somatomotor Hand,,,,,,,,,,
256,,20,-66,45,,22,-65,48,,,3,17,17,17,17,17,17,4,49,,3,3,3,3,3,3,21,38,38,,12,,,Green,,Dorsal attention,,,,,,,,,,
257,,44,-60,4,,46,-59,4,,,3,3,17,17,3,3,3,3,49,,3,3,3,3,3,3,3,3,3,,12,,,Green,,Dorsal attention,,,,,,,,,,
258,,23,-60,57,,25,-58,60,,,3,3,17,17,3,3,3,3,49,,3,3,3,3,3,3,3,3,38,,12,,,Green,,Dorsal attention,,,,,,,,,,
259,,-32,-48,44,,-33,-46,47,,,4,17,17,17,17,4,4,4,49,,4,4,4,4,4,4,4,38,38,,12,,,Green,,Dorsal attention,,,,,,,,,,
260,,-26,-71,33,,-27,-71,37,,,4,17,17,17,17,4,4,4,49,,4,4,4,4,4,4,4,38,38,,12,,,Green,,Dorsal attention,,,,,,,,,,
261,,-32,-5,53,,-32,-1,54,,,4,17,17,17,17,4,4,17,49,,4,4,4,4,21,4,4,38,38,,12,,,Green,,Dorsal attention,,,,,,,,,,
262,,-40,-60,-10,,-42,-60,-9,,,3,17,17,17,17,4,4,4,49,,4,4,4,4,4,4,4,38,38,,12,,,Green,,Dorsal attention,,,,,,,,,,
263,,-17,-60,60,,-17,-59,64,,,1,17,17,17,17,17,17,17,49,,1,1,1,1,21,21,21,38,38,,12,,,Green,,Dorsal attention,,,,,,,,,,
264,,26,-9,54,,29,-5,54,,,1,17,17,17,17,17,17,17,49,,1,1,1,1,21,1,21,38,38,,12,,,Green,,Dorsal attention,,,,,,,,,,